Year, kWh, kvarh, "Peak kW", "peak kVA", "Losses kWh", "Losses kvarh", "Peak Losses kW"
0, 0.0869778377807145, 0.00907553461982965, 313.120216010572, 314.820146009792, 0.00452057909872876, 0.000413160273316484, 16.2740847554235
